epoch,time,train/box_loss,train/cls_loss,train/dfl_loss,metrics/precision(B),metrics/recall(B),metrics/mAP50(B),metrics/mAP50-95(B),val/box_loss,val/cls_loss,val/dfl_loss,lr/pg0,lr/pg1,lr/pg2
1,95.3374,0.85309,2.16481,1.02758,0.86597,0.59631,0.58273,0.47232,0.61707,1.02453,0.92354,0.000276657,0.000276657,0.000276657
2,182.26,0.6545,1.11271,0.94516,0.89439,0.56692,0.60086,0.52494,0.53477,0.94096,0.87205,0.000543348,0.000543348,0.000543348
